/*
SQLyog Ultimate v11.11 (32 bit)
MySQL - 5.6.12-log : Database - lead_gen_business
*********************************************************************
*/

/*!40101 SET NAMES utf8 */;

/*!40101 SET SQL_MODE=''*/;

/*!40014 SET @OLD_UNIQUE_CHECKS=@@UNIQUE_CHECKS, UNIQUE_CHECKS=0 */;
/*!40014 SET @OLD_FOREIGN_KEY_CHECKS=@@FOREIGN_KEY_CHECKS, FOREIGN_KEY_CHECKS=0 */;
/*!40101 SET @OLD_SQL_MODE=@@SQL_MODE, SQL_MODE='NO_AUTO_VALUE_ON_ZERO' */;
/*!40111 SET @OLD_SQL_NOTES=@@SQL_NOTES, SQL_NOTES=0 */;
CREATE DATABASE /*!32312 IF NOT EXISTS*/`lead_gen_business` /*!40100 DEFAULT CHARACTER SET utf8 */;

USE `lead_gen_business`;

/*Table structure for table `billing` */

DROP TABLE IF EXISTS `billing`;

CREATE TABLE `billing` (
  `billing_id` int(11) NOT NULL AUTO_INCREMENT,
  `amount` float NOT NULL,
  `charged_datetime` datetime NOT NULL,
  `client_id` int(11) NOT NULL,
  PRIMARY KEY (`billing_id`)
) ENGINE=MyISAM AUTO_INCREMENT=101 DEFAULT CHARSET=latin1;

/*Data for the table `billing` */

insert  into `billing`(`billing_id`,`amount`,`charged_datetime`,`client_id`) values (1,300,'2011-01-01 14:50:25',1),(2,500,'2011-01-15 14:50:25',3),(3,500,'2011-02-11 14:50:25',5),(4,1200,'2011-02-22 14:50:25',7),(5,2500,'2011-02-27 14:50:25',9),(6,500,'2011-03-06 14:50:25',10),(7,1000,'2011-03-13 14:50:25',8),(8,200,'2011-04-02 14:50:25',4),(9,5000,'2011-04-06 14:50:25',1),(10,1000,'2011-04-11 14:50:25',2),(11,500,'2011-05-08 15:55:32',6),(12,750,'2011-06-18 13:22:09',6),(13,100,'2011-07-19 13:22:09',8),(14,800,'2011-06-21 13:22:09',4),(15,900,'2011-06-22 13:22:09',2),(16,5200,'2011-07-02 13:22:09',3),(17,650,'2011-08-24 13:22:09',4),(18,450,'2011-09-16 13:22:09',1),(19,2500,'2011-10-18 13:22:09',1),(20,3600,'2012-01-03 13:22:09',2),(21,8000,'2012-02-05 13:22:09',8),(22,640,'2012-03-07 13:22:09',7),(23,150,'2012-04-08 13:22:09',9),(24,680,'2012-04-02 13:22:09',10),(25,1200,'2012-05-09 13:22:09',1),(26,2576,'2012-03-30 17:59:12',1),(27,6544,'2012-03-17 14:22:24',5),(28,2082,'2012-01-18 21:05:14',20),(29,4053,'2012-03-13 21:40:11',1),(30,2780,'2011-11-24 15:14:23',4),(31,1246,'2011-07-25 23:19:35',6),(32,2733,'2011-07-21 19:30:43',4),(33,3795,'2012-04-30 07:13:23',2),(34,4254,'2011-11-25 23:22:45',10),(35,5580,'2012-08-26 20:29:14',15),(36,2643,'2011-09-08 22:37:52',18),(37,5459,'2012-08-16 03:46:41',20),(38,4704,'2012-05-18 09:03:06',1),(39,3675,'2012-03-28 16:27:23',12),(40,4955,'2012-10-18 11:18:45',17),(41,6329,'2012-06-17 14:42:18',19),(42,6007,'2012-04-06 00:37:57',17),(43,1776,'2012-09-02 20:40:13',1),(44,5779,'2011-09-11 03:59:50',13),(45,1117,'2012-05-07 12:17:44',2),(46,5952,'2012-07-29 05:33:35',2),(47,3217,'2011-09-21 12:23:19',3),(48,2284,'2011-10-29 03:07:22',17),(49,2191,'2011-09-26 05:08:52',16),(50,2830,'2012-01-30 03:23:23',20),(51,3902,'2011-11-15 12:23:24',12),(52,5885,'2012-07-18 10:42:20',5),(53,4181,'2011-07-16 06:12:49',9),(54,2427,'2012-11-06 05:04:33',20),(55,1184,'2012-07-13 16:00:24',18),(56,6311,'2012-01-24 05:35:00',5),(57,2817,'2012-09-09 10:03:45',20),(58,2663,'2012-05-25 04:10:04',4),(59,6542,'2012-05-13 19:11:40',18),(60,5448,'2012-06-05 11:41:57',16),(61,4026,'2011-12-05 09:54:18',16),(62,1407,'2012-01-31 10:06:40',10),(63,5259,'2011-10-17 20:41:58',19),(64,5285,'2011-10-13 12:10:34',6),(65,2847,'2012-04-28 10:57:35',14),(66,2066,'2012-11-19 20:28:38',10),(67,1181,'2011-07-23 04:44:45',15),(68,4055,'2011-07-25 18:35:09',15),(69,1811,'2011-10-05 10:12:13',6),(70,4781,'2012-05-10 23:02:29',17),(71,5978,'2012-06-21 18:32:49',11),(72,1409,'2012-05-17 13:58:20',3),(73,3832,'2012-03-23 10:12:12',7),(74,2907,'2012-03-02 10:24:00',8),(75,2275,'2012-08-10 01:54:39',2),(76,1961,'2012-02-03 19:12:30',15),(77,5970,'2012-02-04 22:33:06',5),(78,2248,'2011-07-27 20:01:02',11),(79,1975,'2012-11-14 08:17:23',19),(80,5851,'2012-10-26 05:40:10',10),(81,4496,'2012-09-05 23:27:43',20),(82,6682,'2011-07-30 04:14:00',13),(83,5344,'2012-07-06 10:31:12',10),(84,3058,'2012-10-19 00:15:27',18),(85,5495,'2012-06-09 13:08:53',20),(86,5071,'2012-03-20 10:00:26',12),(87,3931,'2012-08-14 08:30:02',15),(88,5268,'2012-04-23 22:33:36',20),(89,1552,'2011-10-19 04:48:25',1),(90,3137,'2012-09-20 02:30:41',7),(91,1529,'2011-12-14 20:30:44',11),(92,1128,'2012-04-21 04:34:43',19),(93,5466,'2012-06-11 10:37:00',5),(94,3728,'2012-06-13 08:53:35',19),(95,1910,'2012-07-30 01:37:37',6),(96,3264,'2012-03-24 06:34:21',15),(97,2496,'2012-11-19 16:45:13',7),(98,3084,'2012-03-21 13:06:37',20),(99,5682,'2012-10-31 22:20:25',14),(100,5995,'2012-01-25 05:36:33',11);

/*Table structure for table `clients` */

DROP TABLE IF EXISTS `clients`;

CREATE TABLE `clients` (
  `client_id` int(11) NOT NULL AUTO_INCREMENT,
  `first_name` varchar(25) NOT NULL,
  `last_name` varchar(25) NOT NULL,
  `email` varchar(50) NOT NULL,
  `joined_datetime` datetime NOT NULL,
  PRIMARY KEY (`client_id`)
) ENGINE=MyISAM AUTO_INCREMENT=21 DEFAULT CHARSET=latin1;

/*Data for the table `clients` */

insert  into `clients`(`client_id`,`first_name`,`last_name`,`email`,`joined_datetime`) values (1,'Michael','Choi','mchoi@village88.com','2010-04-05 14:09:08'),(2,'Joe','Smith','joe@village88.com','2010-04-14 14:10:09'),(3,'Ryan','Owen','rowen@village88.com','2011-02-09 14:10:29'),(4,'Masaki','Fujimuto','mfujimuto@village88.com','2011-04-28 18:16:29'),(5,'Diana','Sue Manlulu','dmanlulu@village88.com','2011-05-23 17:33:20'),(6,'John','Supsupin','jsupsupin@village88.com','2011-05-29 19:23:33'),(7,'Toni Rose','Panganiban','tpanganiban@village88.com','2011-06-01 01:02:03'),(8,'Maria','Gonzales','mgonzales@village88.com','2011-08-09 01:22:33'),(9,'Tom','Owen','towen@village88.com','2011-08-22 16:33:23'),(10,'Roosevelt','Sebial','rsebial@village88.com','2011-09-01 17:18:09'),(11,'Alvin','Malone','pede.ultrices@semmollisdui.org','2012-07-24 23:42:36'),(12,'Shafira','Hansen','consectetuer.cursus@tellus.org','2012-11-07 22:40:36'),(13,'Ursula','Holt','ullamcorper@eleifendCras.org','2012-02-07 19:51:11'),(14,'Erica','Suarez','Mauris.eu@adipiscinglobortis.org','2012-06-24 13:50:49'),(15,'Ferdinand','Schmidt','urna.Nullam@Crasinterdum.org','2012-10-19 09:29:03'),(16,'Callie','Poole','nisl@metus.org','2012-02-21 07:40:18'),(17,'Hyacinth','Bates','rhoncus@Suspendisseeleifend.org','2012-10-10 04:29:58'),(18,'Alexa','Schroeder','magnis@vitaeeratvel.org','2012-04-25 15:42:27'),(19,'Francis','Walsh','dis.parturient@vulputateposuerevulputate.edu','2012-10-21 02:17:26'),(20,'Caesar','Stewart','libero.at.auctor@auctorvitae.com','2012-09-07 01:27:35');

/*Table structure for table `leads` */

DROP TABLE IF EXISTS `leads`;

CREATE TABLE `leads` (
  `leads_id` int(11) NOT NULL AUTO_INCREMENT,
  `first_name` varchar(50) NOT NULL,
  `last_name` varchar(50) NOT NULL,
  `registered_datetime` datetime NOT NULL,
  `email` varchar(50) NOT NULL,
  `site_id` int(11) NOT NULL,
  PRIMARY KEY (`leads_id`)
) ENGINE=MyISAM AUTO_INCREMENT=336 DEFAULT CHARSET=latin1;

/*Data for the table `leads` */

insert  into `leads`(`leads_id`,`first_name`,`last_name`,`registered_datetime`,`email`,`site_id`) values (1,'Art','Lopez','2011-01-13 14:22:58','artlopez@gmail.com',1),(2,'Arthur','Kesh','2011-01-01 02:03:03','arthurkesh@gmail',3),(3,'Alison','Follosco','2011-02-11 02:03:03','alison@gmail.com',5),(4,'Joyce','Jamon','2011-03-21 02:03:03','joycejamon@gmail.com',15),(5,'Angel','Supsupin','2011-03-22 02:03:03','angel999@gmail.com',16),(6,'Dave','Supsupin','2011-04-06 02:03:03','dave999@gmail.com',2),(7,'Mark','Jaramilla','2011-05-03 02:03:03','markjams@gmail.com',13),(8,'Chris','Chun','2011-05-22 02:03:03','chrischun@gmail.com',12),(9,'Ben','Lee','2011-05-27 02:03:03','benlee@gmail.com',22),(10,'Jeric','Follosco','2011-06-03 02:03:03','jfollosco@gamil.com',23),(11,'James','Jones','2011-07-06 02:03:03','jamesjones@gmail.com',23),(12,'Jay','Smith','2011-08-07 02:03:03','jsmith@gmail.com',25),(13,'Henry','Mendoza','2011-08-13 02:03:03','henrymen@gmail.com',9),(14,'Dian','Morales','2011-09-22 02:03:03','dianmorales@gmail.com',6),(15,'Lina','Inverse','2011-10-09 02:03:03','linainverse@yahoo.com',7),(16,'May Joy','Sagon','2011-11-14 02:03:03','mjsagon@yahoo.com',1),(17,'April','Sean','2011-11-22 02:03:03','asean@gmail.com',1),(18,'Philip','Morres','2011-12-19 02:03:03','philipm@yahoo.com',13),(19,'Kimemura','Lau','2012-01-04 02:03:03','klau@gmail.com',17),(20,'Noname','Sabado','2012-02-01 02:03:03','nonamesabado@yahoo.com',18),(21,'Gilbert','Hufana','2012-02-14 02:03:03','ghufana@gmail.com',19),(22,'Paulito','Nisperos','2012-03-16 02:03:03','pcnisperos@yahoo.com',20),(23,'Joseph','Padua','2012-03-17 02:03:03','jpadua@gmail.com',2),(24,'Marylen','Rodriguez','2012-03-18 02:03:03','mrodriguez@gmail.com',3),(25,'Bala','Nar','2012-04-27 02:03:03','balanar@gmail.com',4),(26,'Steve','Nash','2012-05-16 02:03:03','stevenash@nash.com',5),(27,'Lebron','James','2012-06-11 02:03:03','lebronjames@nba.com',6),(28,'Alvin','Rosorio','2012-06-22 02:03:03','alvinr@gmail.com',7),(29,'Kirk','David','2012-07-19 02:03:03','kirkdavid@hotmail.com',8),(30,'Calvin','Klein','2013-07-08 02:03:03','ck999@yahoo.com',9),(31,'Albert','Martinez','2013-01-05 02:03:03','albretmart@gmail.com',10),(32,'Vhong','Navarro','2013-02-01 02:03:03','vhong@showtime.com',22),(33,'Anne','Curtiz','2013-03-07 02:03:03','anne@showtime.com',1),(34,'Mark','Oceana','2013-04-21 02:03:03','markoceana@gmail.com',24),(35,'Ems','Faraj','2013-05-22 02:03:03','emsfaraj@gmail.com',1),(36,'Orlando','Santos','2013-11-10 11:12:22','eu.sem.Pellentesque@temporlorem.com',20),(37,'Trevor','Maynard','2013-07-09 12:08:33','pede.sagittis.augue@tincidunt.org',46),(38,'Lacey','Hopper','2012-02-28 08:07:58','a.magna.Lorem@magnanecquam.com',15),(39,'Jin','Wilson','2012-01-09 04:54:10','eu.dolor.egestas@Nam.edu',43),(40,'Kelly','Yang','2013-03-05 05:39:38','felis.adipiscing@ametconsectetueradipiscing.com',44),(41,'Laura','Chaney','2012-03-18 01:38:33','magna.nec@inceptoshymenaeos.com',1),(42,'Noble','Huber','2012-12-13 07:46:53','nibh.vulputate.mauris@sem.ca',34),(43,'Cooper','Norris','2012-07-06 20:17:08','inceptos.hymenaeos.Mauris@etpede.edu',51),(44,'Amanda','Morris','2012-12-12 19:59:16','ut.dolor.dapibus@ipsumleo.org',13),(45,'Faith','Glover','2012-06-21 15:52:01','dui.nec.tempus@Nullaaliquet.ca',18),(46,'Shannon','Lott','2012-01-28 13:49:57','odio.auctor.vitae@Aeneanegetmagna.org',1),(47,'Forrest','Holland','2012-07-02 12:16:26','In@ligulaAenean.org',29),(48,'Xandra','Klein','2011-08-27 06:21:20','ullamcorper.Duis@nonenim.ca',54),(49,'Judith','Preston','2012-03-25 01:20:16','eget.odio.Aliquam@nibh.com',55),(50,'Alan','Fletcher','2013-01-31 20:49:05','nonummy.ultricies.ornare@nullaanteiaculis.ca',16),(51,'Yardley','Boyd','2013-03-18 08:57:00','interdum.Sed.auctor@nonlacinia.ca',21),(52,'Caesar','Hickman','2012-07-06 03:57:42','risus.Duis.a@eumetus.ca',5),(53,'Lane','Juarez','2012-02-14 15:17:11','ac@pedemalesuadavel.org',55),(54,'Unity','Morrow','2011-08-11 23:22:26','et.eros.Proin@in.edu',9),(55,'Nathaniel','Caldwell','2011-11-18 04:39:09','nunc.est@magnaUttincidunt.com',51),(56,'Ahmed','Jensen','2012-04-29 09:59:13','magna.Praesent.interdum@in.org',49),(57,'Winter','Sloan','2011-11-03 19:02:26','nunc.ac@tempusrisus.ca',23),(58,'Urielle','Pace','2013-09-08 00:01:48','Sed@sollicitudin.com',55),(59,'Kenyon','Tanner','2013-07-12 11:24:15','non@maurissapien.edu',28),(60,'Anthony','Walker','2011-08-18 03:07:38','tristique@nectempus.edu',21),(61,'Lois','Sharpe','2013-07-10 21:26:05','enim@Mauris.com',3),(62,'Tasha','Reed','2013-06-19 09:35:59','sit@est.edu',39),(63,'Felix','Fitzgerald','2012-05-03 14:22:23','ultricies@sitametdiam.com',52),(64,'Cassidy','Hatfield','2012-11-24 02:44:43','hendrerit@egestas.ca',42),(65,'Harper','Dixon','2011-12-17 19:53:37','urna.nec.luctus@montesnascetur.org',19),(66,'Azalia','Olsen','2011-08-16 16:24:36','lorem.lorem@primis.ca',24),(67,'Aimee','Whitney','2012-01-05 08:11:21','lacus@nulla.ca',21),(68,'Victoria','Burris','2012-01-07 22:21:29','nisi.Aenean.eget@semsempererat.ca',3),(69,'Calista','Oneill','2012-08-04 05:17:17','ligula.eu@odio.ca',6),(70,'Quinn','Ingram','2012-03-27 15:55:55','nibh.Phasellus@nec.com',12),(71,'Dora','Livingston','2013-08-27 11:44:37','tortor@mattis.ca',1),(72,'Amery','Ryan','2012-10-18 00:44:27','pharetra@feugiatnonlobortis.ca',48),(73,'Marah','Gaines','2013-02-03 17:04:49','venenatis.lacus@volutpatNulla.ca',10),(74,'Shad','Buck','2013-01-12 02:21:28','erat@Nullamlobortis.edu',38),(75,'Tasha','Gomez','2013-01-19 22:47:05','aliquet@gravida.ca',18),(76,'Sacha','Bradshaw','2012-09-21 00:23:00','Cras@ultricies.com',38),(77,'Britanney','Silva','2012-01-12 10:33:26','nibh.vulputate@arcu.org',4),(78,'Clinton','Reilly','2013-06-10 19:55:10','pede@lorem.com',1),(79,'Nero','Joyce','2012-11-02 16:34:19','Duis.risus.odio@nequetellus.com',18),(80,'Athena','Garner','2013-04-18 08:41:16','magna.Sed.eu@risus.ca',15),(81,'Bertha','Camacho','2012-02-09 23:22:24','pede.Cum.sociis@Suspendisse.com',25),(82,'Denton','Key','2012-05-27 11:27:21','Aliquam@egestasligulaNullam.com',31),(83,'Sonia','Hamilton','2012-12-19 00:51:48','quis.tristique@atpede.org',24),(84,'Cadman','Madden','2012-06-04 09:00:23','Pellentesque.tincidunt@atvelitPellentesque.org',51),(85,'Jessica','Garrison','2012-09-17 07:34:33','arcu@liberoDonecconsectetuer.edu',5),(86,'Brittany','Dalton','2012-08-10 20:18:29','tellus.imperdiet@nequesed.org',26),(87,'Dane','Beach','2012-05-19 14:42:05','dictum.magna.Ut@euismodenimEtiam.edu',1),(88,'Avye','May','2012-10-22 06:15:03','at@ipsumacmi.ca',23),(89,'Cally','Bass','2012-03-21 23:15:07','nec@velsapienimperdiet.edu',45),(90,'Jonah','Lloyd','2012-08-25 21:46:15','Donec.nibh.Quisque@facilisiseget.org',35),(91,'Gwendolyn','Hartman','2013-10-28 04:26:15','sit@placerataugueSed.edu',1),(92,'Sage','Leonard','2012-08-31 23:15:37','congue.elit.sed@pretiumneque.edu',28),(93,'Plato','England','2012-02-26 08:17:14','consequat.enim@egetnisi.edu',2),(94,'Bell','Ballard','2013-02-25 17:02:52','semper@musDonec.edu',40),(95,'Aurora','Graham','2011-09-20 19:41:19','sit.amet.consectetuer@Inmi.edu',24),(96,'Oscar','Turner','2012-10-31 04:45:36','nisi@euodio.org',21),(97,'Lionel','Blackwell','2012-08-28 14:26:50','cursus.a.enim@vitaeorci.edu',40),(98,'Basia','Flynn','2012-04-19 17:26:49','est@atvelitPellentesque.edu',4),(99,'Nichole','Burns','2012-12-08 18:33:13','mi@magna.ca',4),(100,'Yoshio','Wall','2012-05-19 16:36:08','tellus@scelerisque.ca',49),(101,'Rosalyn','Romero','2012-05-18 16:28:44','orci@Nullatemporaugue.edu',52),(102,'Jolie','Harrington','2011-11-14 12:54:42','tempus.scelerisque@rutrumjustoPraesent.org',25),(103,'Mercedes','Mcgowan','2012-03-29 15:47:05','auctor.velit.eget@ultricessitamet.edu',36),(104,'Isaac','Copeland','2013-08-22 04:38:31','Morbi@luctusetultrices.org',42),(105,'Alden','Mckenzie','2013-07-12 16:12:17','Aliquam@MaurisnullaInteger.ca',16),(106,'Quamar','Conrad','2011-08-09 15:39:07','Fusce.mi.lorem@Maurismolestiepharetra.ca',23),(107,'Sylvester','Parks','2011-08-25 16:24:03','sed.turpis@porttitor.edu',36),(108,'McKenzie','Hudson','2013-01-15 18:54:29','ac.facilisis@nonummyacfeugiat.com',39),(109,'Kim','Maldonado','2013-10-24 17:10:03','velit.dui@nislMaecenasmalesuada.org',39),(110,'Leilani','Hancock','2012-11-08 11:08:54','penatibus@neccursusa.org',31),(111,'Shaine','Camacho','2013-02-25 10:59:31','vitae@erosnec.org',14),(112,'Porter','Blackwell','2012-01-11 02:57:04','vel.est.tempor@Aliquam.edu',32),(113,'Portia','Phillips','2013-10-07 06:49:37','auctor.velit.Aliquam@ante.com',39),(114,'Uriah','Mccall','2013-02-14 06:28:34','enim@interdumfeugiatSed.edu',32),(115,'Tatum','Donovan','2013-04-03 03:07:12','felis.Donec@aclibero.org',18),(116,'Howard','Mcclain','2013-02-06 15:41:59','varius.orci.in@laoreetipsumCurabitur.edu',30),(117,'Madison','Vasquez','2012-05-21 21:12:58','scelerisque@Duiscursus.com',22),(118,'Chiquita','Jefferson','2012-03-23 22:35:06','at.risus.Nunc@eu.com',8),(119,'Gretchen','Buckner','2012-05-17 23:00:06','at.risus@aliquetdiam.edu',48),(120,'Wallace','Willis','2011-08-10 09:42:35','et@tellusNunclectus.com',28),(121,'Cynthia','Kline','2012-12-22 00:40:30','velit@Donec.edu',18),(122,'Camille','Bates','2013-07-25 17:30:07','eu@congue.org',30),(123,'Sawyer','Cervantes','2011-11-03 15:27:05','molestie.pharetra@Curabiturvel.edu',26),(124,'Maryam','Hudson','2013-01-26 23:55:49','euismod@loremipsumsodales.edu',55),(125,'Yoko','England','2012-01-18 17:33:01','Aliquam.nec.enim@consequatauctornunc.com',6),(126,'Reuben','Mosley','2013-04-22 15:09:47','a.arcu@egetmetus.com',12),(127,'Chiquita','Warner','2012-06-01 21:59:20','ac.nulla@disparturient.edu',15),(128,'Bertha','Harding','2013-08-13 22:09:53','Nam.nulla.magna@felisegetvarius.ca',47),(129,'Beatrice','Leach','2013-07-14 11:52:24','Nunc.pulvinar.arcu@Nullam.edu',5),(130,'Adara','Murphy','2012-06-30 12:03:28','Nulla@eunibhvulputate.org',49),(131,'Jermaine','Bolton','2012-03-23 18:25:52','non.arcu@tellussemmollis.com',46),(132,'Chaim','Chang','2011-11-27 17:25:23','semper.rutrum.Fusce@nullaanteiaculis.ca',5),(133,'Armando','Santiago','2013-09-08 14:00:46','dui@non.com',11),(134,'Violet','Hudson','2011-11-17 22:28:46','libero.Donec@utcursusluctus.org',26),(135,'Cyrus','Burns','2012-01-24 12:08:51','euismod.ac@mattisornarelectus.ca',5),(136,'Barry','Jimenez','2012-01-29 01:35:34','Integer@elit.edu',5),(137,'Ruth','Fletcher','2011-08-29 21:19:56','nisl.elementum@nonquam.edu',29),(138,'Emery','Price','2012-04-22 00:54:03','sapien@tempusloremfringilla.org',7),(139,'Ray','Franco','2012-03-14 23:53:04','velit@neque.ca',18),(140,'Fulton','Vang','2013-04-08 15:37:43','rutrum.lorem@magnaDuisdignissim.com',41),(141,'Sigourney','Spence','2011-09-26 18:11:46','orci.in.consequat@risusNuncac.ca',1),(142,'Mechelle','Brennan','2011-09-17 16:09:47','luctus@rutrumFuscedolor.org',31),(143,'Gay','Potts','2013-01-18 18:32:58','ligula@Fuscedolor.ca',52),(144,'Willow','Forbes','2013-11-03 08:15:50','vulputate@quamdignissimpharetra.org',40),(145,'Leah','Griffin','2013-06-28 05:56:06','ornare@a.com',52),(146,'Cleo','Mccullough','2013-07-14 10:09:15','mi.Duis@elementumsem.org',54),(147,'Tad','Riddle','2012-11-26 22:50:18','orci.Ut@adipiscingnonluctus.com',43),(148,'Patrick','Oneal','2012-04-06 22:45:47','Proin.non@quamvel.com',55),(149,'Mallory','Kelly','2013-11-25 21:38:56','Nunc@commodohendrerit.ca',45),(150,'Carissa','Goff','2012-09-26 18:18:07','elit.Etiam.laoreet@sitamet.ca',22),(151,'Aspen','Frank','2011-11-28 09:33:52','Integer.vulputate.risus@quamvelsapien.org',28),(152,'Willow','Fleming','2012-04-30 15:05:26','quam@bibendumDonec.com',11),(153,'Veronica','Mendez','2012-08-17 17:27:12','ultricies@auctor.com',20),(154,'Ferris','Byers','2013-09-02 16:04:02','velit@etcommodo.edu',28),(155,'Claire','Benton','2013-07-02 17:58:26','ullamcorper.eu@dolorQuisque.com',17),(156,'Finn','Marsh','2013-08-22 02:52:23','adipiscing.enim@eget.edu',52),(157,'Lucius','Conner','2013-09-15 12:48:10','Duis.a@eget.edu',27),(158,'Whilemina','Ferguson','2013-10-01 20:08:52','egestas@eu.ca',21),(159,'Lana','Ellis','2013-10-07 21:04:18','semper@adipiscing.edu',34),(160,'George','Simmons','2012-05-04 12:13:55','metus.Vivamus@ligulaelitpretium.com',25),(161,'Quon','Rivers','2013-05-26 08:14:37','sollicitudin@nislMaecenas.com',31),(162,'Michael','Porter','2013-10-13 18:20:05','morbi.tristique.senectus@ut.edu',45),(163,'Axel','Madden','2013-06-15 21:59:04','Aliquam.erat.volutpat@enimCurabitur.ca',38),(164,'Phoebe','Kaufman','2013-04-23 17:42:17','dictum@rhoncus.edu',47),(165,'Bree','Figueroa','2012-01-31 07:01:33','Nam.ac.nulla@pedenonummyut.com',20),(166,'Vincent','Craft','2012-02-07 01:31:46','ante@dolor.ca',7),(167,'Yasir','Parker','2012-11-18 17:33:54','volutpat.ornare@sagittislobortis.edu',21),(168,'Xavier','Bauer','2013-10-21 20:52:25','Nulla.eget.metus@Loremipsum.ca',29),(169,'Edward','Morton','2012-06-10 17:43:04','sed@actellusSuspendisse.com',44),(170,'Nissim','Kline','2013-02-09 06:56:25','tincidunt.Donec.vitae@semelitpharetra.ca',50),(171,'Melinda','Gibbs','2013-01-25 04:36:55','Morbi@fermentumfermentumarcu.org',44),(172,'Doris','Mckee','2013-11-12 09:18:11','ornare.placerat.orci@Nullaeu.edu',49),(173,'Gareth','Head','2011-11-26 12:37:58','ipsum.Phasellus.vitae@gravidasagittisDuis.ca',34),(174,'Melvin','West','2013-03-09 17:41:26','enim.Etiam@temporaugueac.com',33),(175,'Keegan','Patton','2011-12-09 13:06:53','et.lacinia.vitae@purusactellus.edu',12),(176,'Berk','Watts','2011-12-15 08:09:15','velit.in.aliquet@auguescelerisque.org',54),(177,'Jaden','Holmes','2013-03-02 14:32:37','quam@nullaat.ca',15),(178,'Brent','Frye','2012-07-11 17:21:10','a.scelerisque.sed@etlacinia.org',3),(179,'Anika','Joyce','2013-11-03 14:20:38','consectetuer.adipiscing@sitametdapibus.edu',5),(180,'Janna','Blackburn','2012-03-01 11:59:20','nunc.est.mollis@vitae.edu',32),(181,'Rina','Eaton','2011-10-10 14:22:10','lacus.Nulla.tincidunt@enimCurabitur.org',31),(182,'Cullen','Lambert','2013-03-25 11:14:21','tincidunt.Donec@lacusMaurisnon.ca',51),(183,'Neve','Case','2012-08-22 21:09:29','Donec.dignissim.magna@Nuncut.ca',8),(184,'Celeste','Luna','2013-10-21 09:39:35','sit@Aeneangravidanunc.ca',40),(185,'Leila','Savage','2012-05-14 19:30:57','urna@elitEtiamlaoreet.org',53),(186,'Erasmus','Carter','2012-11-19 09:55:07','Duis.gravida.Praesent@convallisante.edu',4),(187,'Lysandra','Wise','2012-02-28 23:24:37','Nunc.mauris.Morbi@ridiculus.com',15),(188,'Ashton','Morse','2012-01-20 02:43:11','consectetuer.adipiscing@temporbibendumDonec.org',31),(189,'Devin','Shepard','2013-06-27 11:33:47','laoreet.posuere@ametante.ca',51),(190,'Duncan','Morales','2012-10-02 04:43:58','nascetur@at.org',40),(191,'Cain','Jimenez','2013-10-12 19:26:47','primis.in.faucibus@massaSuspendisseeleifend.com',4),(192,'Anthony','Bates','2011-12-04 05:42:04','tincidunt@aliquetodio.org',42),(193,'Lunea','Carter','2011-08-09 09:38:56','sit.amet.diam@ullamcorper.edu',31),(194,'Galvin','Drake','2012-08-14 22:16:38','ut@antedictum.edu',31),(195,'Hilda','Cash','2011-12-26 11:29:24','neque.vitae.semper@vehiculaPellentesque.com',35),(196,'Fletcher','Lewis','2011-11-22 07:41:34','pede.Cras@eu.org',51),(197,'Hayley','Gaines','2011-10-27 14:19:10','sit@gravida.edu',20),(198,'Lareina','Holland','2013-01-06 22:44:59','adipiscing.elit.Aliquam@nuncullamcorper.org',42),(199,'Blossom','Gill','2012-01-01 13:21:46','Cum@quispede.com',52),(200,'Cecilia','Weiss','2012-09-04 09:16:56','Suspendisse.aliquet.molestie@sociis.com',33),(201,'Martena','Marquez','2013-06-15 03:15:56','fringilla@maurisSuspendissealiquet.edu',26),(202,'Tyler','Savage','2011-12-06 01:59:00','vehicula.Pellentesque@dolorsitamet.edu',49),(203,'Garrett','Cotton','2011-08-11 06:53:31','eu.euismod@blanditNamnulla.ca',2),(204,'Roth','Morton','2013-05-09 06:38:03','arcu.imperdiet@inconsectetueripsum.org',35),(205,'Jayme','Smith','2012-07-23 04:36:33','Morbi@ultricesa.ca',14),(206,'Brittany','Elliott','2011-08-23 09:54:15','vulputate.nisi@tempor.ca',34),(207,'Quon','Glover','2011-09-09 12:20:20','diam.at@auctor.org',2),(208,'Bevis','Cantrell','2012-08-18 12:29:44','Integer@sapien.org',29),(209,'John','Wood','2013-03-11 07:32:44','pharetra.felis.eget@dignissim.edu',24),(210,'Wang','Mclaughlin','2012-11-18 04:47:21','Nulla@pellentesque.ca',52),(211,'Jaime','Hancock','2011-10-01 03:16:12','viverra.Donec@maurissitamet.org',52),(212,'Gail','Petersen','2013-11-18 00:01:16','feugiat@Intincidunt.ca',47),(213,'Nicole','Riley','2011-09-29 12:20:20','accumsan.interdum.libero@Sedcongue.com',23),(214,'Germaine','Ramirez','2011-09-30 01:46:22','nascetur.ridiculus@diamvelarcu.com',18),(215,'Rudyard','Avery','2012-10-19 04:57:30','Etiam.bibendum.fermentum@lorem.org',31),(216,'Hasad','Mercer','2013-01-26 16:13:59','Suspendisse.ac.metus@eutempor.org',3),(217,'Lydia','Duke','2011-10-15 18:55:33','fames@convallis.com',20),(218,'Coby','Boyer','2012-01-24 19:50:22','fames.ac.turpis@rhoncusNullam.com',20),(219,'Griffin','Greene','2013-03-18 14:33:36','magna@lobortis.edu',23),(220,'Craig','Bowers','2013-05-03 09:13:56','cursus@scelerisqueduiSuspendisse.org',30),(221,'Zia','Moses','2013-01-22 10:45:32','dui.nec@ultrices.com',18),(222,'Cathleen','Dean','2011-12-12 03:11:16','nisi.nibh@tortordictum.edu',52),(223,'Burke','Beck','2013-06-20 01:45:21','sem.molestie@magnanec.org',49),(224,'Prescott','Pope','2012-12-29 09:45:30','Aliquam.nisl@maurisaliquam.edu',26),(225,'Nichole','Shields','2013-08-12 21:04:29','eu.sem@egestasSedpharetra.edu',6),(226,'Angelica','Lindsay','2013-08-04 14:14:24','Phasellus.elit.pede@Aliquam.org',25),(227,'Timothy','Boyle','2013-01-23 20:08:59','non.enim@temporaugueac.com',29),(228,'Urielle','Todd','2012-11-10 20:12:00','Sed@orciadipiscingnon.ca',37),(229,'Eliana','Gill','2011-08-27 15:03:24','facilisi.Sed@convallis.com',12),(230,'Camilla','Burke','2011-11-23 21:07:40','magna.sed.dui@lectusasollicitudin.ca',49),(231,'Joy','Levine','2013-07-23 00:38:25','sociosqu.ad@eratinconsectetuer.ca',36),(232,'Roanna','Zimmerman','2013-08-13 20:26:14','interdum@tortorat.com',41),(233,'Deirdre','Torres','2012-08-24 00:11:11','in.magna.Phasellus@torquentper.org',38),(234,'Harlan','Johnson','2013-10-17 20:07:02','Morbi@Pellentesquehabitantmorbi.edu',22),(235,'Levi','Oneil','2013-10-06 12:33:09','sollicitudin.adipiscing@risusvarius.ca',23),(236,'Graham','Boyer','2011-12-13 17:51:32','lectus.sit.amet@nequeNullam.edu',54),(237,'Forrest','George','2011-12-14 22:55:59','iaculis.enim@Donec.com',12),(238,'Finn','Ramsey','2012-07-16 00:09:30','fermentum.metus@Morbisitamet.org',11),(239,'Katelyn','Oneal','2012-09-11 05:25:23','rutrum.urna@Sed.edu',32),(240,'John','Slater','2013-01-10 03:00:12','dolor.dapibus@urnaNuncquis.ca',14),(241,'Amethyst','Estes','2012-11-20 15:47:13','pede.Nunc@eumetusIn.com',16),(242,'Leah','Pruitt','2012-08-12 07:50:22','non.sapien.molestie@nisi.com',32),(243,'Daria','Booker','2012-06-01 20:54:15','porttitor@necmalesuada.edu',54),(244,'Allen','Kinney','2012-06-29 12:27:46','sem.elit.pharetra@elit.edu',15),(245,'Anne','Reyes','2013-02-23 11:38:35','ullamcorper@magnaet.com',10),(246,'Erich','David','2012-05-15 15:07:03','velit.Pellentesque@ornarelectusante.ca',2),(247,'Addison','Williamson','2011-10-01 14:41:56','Donec.tempor@et.com',11),(248,'Acton','Gonzales','2013-08-30 11:19:02','nec@vitae.com',11),(249,'Brody','Rosa','2013-05-30 21:51:19','Vestibulum@necluctus.ca',37),(250,'Odessa','Greene','2011-10-16 00:58:35','Fusce@dapibus.org',17),(251,'Tashya','Adams','2011-11-14 08:39:46','vitae.orci.Phasellus@posuereat.com',29),(252,'Lewis','Henson','2012-04-23 21:32:02','luctus.et.ultrices@egetlacusMauris.ca',51),(253,'Adele','Cain','2012-08-03 11:43:54','iaculis.aliquet@Nullamenim.edu',20),(254,'Tatum','Ayers','2012-03-03 00:23:19','sem.Nulla.interdum@ligulaAliquamerat.com',47),(255,'Hannah','English','2013-10-20 10:54:03','risus.Quisque.libero@turpisvitae.com',7),(256,'Laith','Cannon','2012-08-06 09:27:50','dignissim.lacus.Aliquam@Sednec.com',21),(257,'Tarik','Thornton','2012-01-04 16:21:15','nascetur.ridiculus.mus@nuncnulla.ca',19),(258,'Raja','Petty','2013-06-24 07:43:56','ante.ipsum@sed.org',27),(259,'Dorothy','Jennings','2012-12-21 06:48:20','tellus.sem@tortordictum.ca',12),(260,'Tyler','Quinn','2013-03-04 22:05:02','In.faucibus@maurisa.org',23),(261,'Noel','Guerrero','2012-10-13 15:32:53','luctus.ipsum.leo@Integer.com',50),(262,'Kaye','Alford','2013-09-14 01:30:51','elit.pede@Phasellus.edu',16),(263,'Merrill','Jones','2011-08-26 04:22:00','arcu@Fusce.org',10),(264,'Oprah','Baxter','2013-08-26 00:37:18','dolor.egestas@enimnonnisi.org',32),(265,'Jael','Mayo','2011-12-05 02:14:19','Nam.ligula.elit@euligula.com',50),(266,'Conan','Brennan','2013-02-22 16:07:10','Curae;.Phasellus@lacinia.org',53),(267,'Brenda','Mclean','2013-11-02 22:12:40','molestie@idnunc.org',18),(268,'Rosalyn','Yates','2013-02-26 17:26:38','natoque.penatibus@pede.com',30),(269,'Rana','Williamson','2013-02-02 16:49:58','sagittis@Praesent.edu',23),(270,'Myles','Mcfadden','2013-01-15 05:59:40','tellus.imperdiet@Praesent.ca',20),(271,'Quincy','Cote','2012-10-31 23:46:46','euismod.urna.Nullam@ornareInfaucibus.org',44),(272,'Dolan','Deleon','2013-09-24 03:33:01','dignissim.lacus@urnaNunc.ca',13),(273,'Naida','Acevedo','2012-12-15 22:48:36','Nulla.facilisis@felisorci.com',16),(274,'Alma','Vance','2011-12-16 01:35:03','inceptos@lorem.org',47),(275,'Herrod','Gill','2011-08-19 19:06:02','eleifend@nullaInteger.edu',49),(276,'Brady','Mcpherson','2013-02-05 02:28:18','mattis@Sed.ca',1),(277,'Brendan','Castillo','2013-02-19 12:10:27','Ut.semper.pretium@Maurisblandit.ca',36),(278,'Axel','Dillard','2012-12-27 10:13:46','nulla.at.sem@nasceturridiculus.edu',47),(279,'Simone','Cruz','2012-12-29 13:57:02','sodales@ullamcorper.com',12),(280,'Xenos','Mcconnell','2012-11-13 14:36:53','arcu.iaculis.enim@Crasdictumultricies.com',46),(281,'Nathaniel','Conley','2011-12-08 09:25:16','amet.ornare@atnisi.ca',25),(282,'Piper','Short','2012-08-03 06:34:56','Phasellus.vitae@diamat.edu',13),(283,'Samuel','Dominguez','2012-10-17 12:32:40','gravida.Aliquam.tincidunt@euaccumsan.edu',32),(284,'Mariam','Sweet','2013-08-22 06:00:04','velit.dui.semper@antedictum.edu',7),(285,'Hakeem','Owens','2012-11-10 23:44:47','cubilia.Curae;@Morbi.edu',54),(286,'Lila','Sims','2012-08-21 01:36:33','Donec.non.justo@aliquetProinvelit.ca',50),(287,'Quynn','Rhodes','2013-01-30 01:03:12','amet@Duissit.org',43),(288,'Murphy','Shelton','2013-10-10 02:54:08','Phasellus.vitae.mauris@necorciDonec.com',36),(289,'Kevin','Huff','2012-01-27 22:48:07','egestas.rhoncus.Proin@pharetrasedhendrerit.com',32),(290,'Rogan','Day','2011-10-08 09:42:02','hendrerit@Suspendissedui.com',22),(291,'Nolan','Nunez','2013-09-28 21:04:33','mollis.Integer.tincidunt@quismassaMauris.ca',33),(292,'Diana','Lucas','2012-12-15 11:34:24','Aliquam.gravida.mauris@Donecnibh.org',11),(293,'Kibo','Glass','2012-08-09 10:45:16','molestie.arcu@Morbi.edu',7),(294,'Violet','Foster','2012-07-09 20:56:48','Mauris.magna.Duis@molestie.ca',54),(295,'Serina','Sheppard','2013-05-24 02:52:44','ipsum@sem.com',30),(296,'Jack','Carrillo','2013-03-11 15:44:32','eget.metus@feugiat.com',44),(297,'Jasper','Owens','2011-11-14 18:27:47','Etiam@vestibulumneque.ca',20),(298,'Orla','Mcclain','2012-12-27 14:28:07','feugiat.Lorem.ipsum@Aliquameratvolutpat.ca',33),(299,'Nola','Adams','2011-09-11 09:52:28','vestibulum.nec@inaliquetlobortis.org',20),(300,'Shannon','Arnold','2013-02-24 09:14:17','metus.In@tincidunt.ca',34),(301,'Hunter','Contreras','2011-09-17 03:45:34','ipsum.ac@acarcu.edu',20),(302,'Slade','Blake','2013-03-23 22:46:28','non.massa@euarcuMorbi.edu',37),(303,'Erica','Lucas','2013-03-31 02:19:43','ligula.Aenean@Duis.org',6),(304,'Chanda','Anderson','2013-09-14 03:10:58','nunc@morbitristiquesenectus.ca',9),(305,'Derek','Gamble','2013-08-25 23:34:13','lorem.eget.mollis@massaInteger.edu',26),(306,'Cole','Mcdonald','2012-06-30 04:59:58','nulla@arcuNuncmauris.ca',11),(307,'Samson','Jarvis','2013-01-14 06:35:09','odio.semper@miDuis.edu',45),(308,'Zachery','Green','2013-09-04 14:59:48','In@egestasFusce.ca',38),(309,'Hedley','Sherman','2012-12-07 15:46:26','dui.nec@Crasvulputatevelit.com',11),(310,'Hiroko','Lucas','2011-11-09 04:39:20','amet.ornare@mauriselitdictum.com',37),(311,'Mason','Tate','2011-10-09 23:57:54','non.sapien.molestie@consectetueripsumnunc.edu',47),(312,'Dillon','Day','2012-12-26 01:01:19','eu.neque@non.com',39),(313,'Eleanor','Watkins','2012-01-07 23:05:56','nostra.per.inceptos@gravidaPraesenteu.com',10),(314,'Nita','Sandoval','2013-04-21 00:34:00','ultricies.ligula@maurisIntegersem.edu',36),(315,'Shelby','Villarreal','2013-11-09 10:25:56','ac.nulla.In@magnaCrasconvallis.org',6),(316,'Deirdre','Carney','2012-12-08 00:40:04','mauris.blandit.mattis@aaliquet.edu',49),(317,'Brenna','Ward','2013-08-04 19:18:09','lorem@tellus.edu',45),(318,'Idola','Le','2012-02-09 23:48:46','sed.leo@rutrumjusto.edu',19),(319,'Jena','Wright','2013-10-28 07:11:52','a@pede.com',15),(320,'Quon','Craig','2012-02-03 15:28:03','aliquet.diam.Sed@nequeNullam.edu',28),(321,'Aiko','Harper','2013-10-22 00:00:18','eros.Nam@temporbibendumDonec.ca',23),(322,'Xanthus','Fernandez','2012-02-06 03:59:19','eu.tellus.eu@pedeetrisus.ca',17),(323,'Sybill','Silva','2012-01-24 16:15:30','laoreet.ipsum@iderat.edu',14),(324,'Dahlia','Yang','2013-01-15 16:06:17','justo.Proin@et.edu',5),(325,'Dante','Key','2012-01-06 08:55:06','ornare@sapienAeneanmassa.org',51),(326,'Ian','Jimenez','2012-08-11 06:16:11','mollis.vitae@leoelementum.org',14),(327,'Zephania','Casey','2012-07-20 16:04:08','vitae@Duis.org',23),(328,'Evangeline','French','2013-03-09 16:47:20','ligula@Vivamus.com',23),(329,'Maggie','Newton','2012-03-03 22:50:43','arcu.Vestibulum@tinciduntadipiscingMauris.com',12),(330,'Priscilla','Shepard','2012-07-18 12:52:19','ante.Vivamus@aliquamadipiscinglacus.com',55),(331,'Carlos','Lane','2013-01-08 07:15:00','libero.nec@enimMaurisquis.org',8),(332,'Jasper','Rhodes','2013-02-08 02:39:44','consectetuer.mauris@aliquetnecimperdiet.edu',29),(333,'Mariam','Nolan','2013-11-19 02:25:42','odio@idmagnaet.org',40),(334,'Henry','Burnett','2011-12-09 23:26:13','Nam.porttitor.scelerisque@fermentum.com',17),(335,'Pamela','Sargent','2012-01-21 08:14:47','enim.commodo@molestiedapibusligula.org',25);

/*Table structure for table `sites` */

DROP TABLE IF EXISTS `sites`;

CREATE TABLE `sites` (
  `site_id` int(11) NOT NULL AUTO_INCREMENT,
  `domain_name` varchar(100) NOT NULL,
  `created_datetime` datetime NOT NULL,
  `client_id` int(11) NOT NULL,
  PRIMARY KEY (`site_id`)
) ENGINE=MyISAM AUTO_INCREMENT=56 DEFAULT CHARSET=latin1;

/*Data for the table `sites` */

insert  into `sites`(`site_id`,`domain_name`,`created_datetime`,`client_id`) values (1,'market.com','2010-11-05 14:14:26',1),(2,'searchhomes.com','2011-01-01 14:14:26',3),(3,'ehow.com','2011-01-05 14:14:45',5),(4,'searchcoronado.com','2011-01-05 14:14:45',7),(5,'searchphilippines.com','2011-02-08 14:14:26',9),(6,'fox.com','2011-02-08 14:14:26',2),(7,'loans.com','2011-02-15 14:14:45',4),(8,'searchvillage.com','2011-03-13 14:11:30',6),(9,'homes.com','2011-03-15 14:14:45',8),(10,'searchcomputers.com','2011-04-20 14:11:49',10),(11,'youtube.com','2011-04-28 11:12:33',1),(12,'help.com','2011-05-01 12:16:33',4),(13,'timespace.com','2011-06-03 08:05:33',7),(14,'flipfly.com','2011-06-23 11:12:33',2),(15,'uptownzone.com','2011-05-29 12:12:33',6),(16,'olx.com','2011-06-01 07:22:16',5),(17,'cryshinjohn.com','2011-06-06 04:03:16',4),(18,'family.com','2011-06-15 05:10:11',3),(19,'connectme.com','2011-07-29 10:03:21',2),(20,'yestogod.com','2011-07-06 04:03:16',9),(21,'warcraft.com','2011-08-06 14:03:16',8),(22,'keepvid.com','2011-08-13 16:03:16',6),(23,'atech.com','2011-09-01 03:06:17',7),(24,'assignmentworld.com','2011-09-05 02:02:12',1),(25,'finalsite.com','2011-09-07 11:02:16',3),(26,'olson.com','2012-09-22 13:40:59',2),(27,'jarvis.com','2012-02-21 18:43:14',18),(28,'baird.com','2012-05-19 22:00:00',18),(29,'reyes.com','2011-10-14 03:59:02',2),(30,'johnston.com','2012-08-25 01:37:31',12),(31,'webb.com','2012-07-15 12:39:18',16),(32,'collier.com','2012-05-09 22:19:27',18),(33,'alston.com','2012-11-16 03:55:33',19),(34,'rogers.com','2012-11-25 21:06:04',10),(35,'serrano.com','2012-11-15 14:39:28',1),(36,'massey.com','2012-05-11 06:24:34',6),(37,'mcmahon.com','2012-06-20 22:11:00',16),(38,'waters.com','2012-08-15 02:22:51',2),(39,'alexander.com','2012-11-11 02:45:37',5),(40,'lamb.com','2011-11-26 00:55:20',7),(41,'wright.com','2011-10-20 05:38:14',20),(42,'rodgers.com','2012-10-24 12:20:49',14),(43,'floyd.com','2012-07-07 08:52:44',5),(44,'park.com','2012-05-21 23:18:24',6),(45,'albert.com','2012-03-24 08:57:47',15),(46,'byers.com','2012-10-03 20:37:11',6),(47,'duran.com','2012-06-03 12:34:33',8),(48,'hopkins.com','2011-12-24 10:17:45',15),(49,'hester.com','2012-03-11 23:27:54',14),(50,'valencia.com','2012-03-26 23:56:51',12),(51,'phillips.com','2012-02-26 08:37:21',12),(52,'decker.com','2012-11-12 22:25:40',3),(53,'lowe.com','2012-08-07 00:53:12',11),(54,'marquez.com','2012-02-16 15:28:19',15),(55,'drake.com','2011-12-26 22:11:46',1);

/*!40101 SET SQL_MODE=@OLD_SQL_MODE */;
/*!40014 SET FOREIGN_KEY_CHECKS=@OLD_FOREIGN_KEY_CHECKS */;
/*!40014 SET UNIQUE_CHECKS=@OLD_UNIQUE_CHECKS */;
/*!40111 SET SQL_NOTES=@OLD_SQL_NOTES */;
