[{"model": "leagues.league", "pk": 1, "fields": {"name": "International Conference of Amateur Ice Hockey", "sport": "Ice Hockey", "created_at": "2016-11-01T17:55:08.188Z", "updated_at": "2016-11-01T17:55:08.188Z"}}, {"model": "leagues.league", "pk": 2, "fields": {"name": "International Collegiate Baseball Conference", "sport": "Baseball", "created_at": "2016-11-01T17:55:08.385Z", "updated_at": "2016-11-01T17:55:08.385Z"}}, {"model": "leagues.league", "pk": 3, "fields": {"name": "Atlantic Federation of Amateur Baseball Players", "sport": "Baseball", "created_at": "2016-11-01T17:55:08.518Z", "updated_at": "2016-11-01T17:55:08.518Z"}}, {"model": "leagues.league", "pk": 4, "fields": {"name": "Atlantic Federation of Basketball Athletics", "sport": "Basketball", "created_at": "2016-11-01T17:55:08.619Z", "updated_at": "2016-11-01T17:55:08.619Z"}}, {"model": "leagues.league", "pk": 5, "fields": {"name": "Atlantic Soccer Conference", "sport": "Soccer", "created_at": "2016-11-01T17:55:08.739Z", "updated_at": "2016-11-01T17:55:08.739Z"}}, {"model": "leagues.league", "pk": 6, "fields": {"name": "International Association of Womens' Basketball Players", "sport": "Basketball", "created_at": "2016-11-01T17:55:08.874Z", "updated_at": "2016-11-01T17:55:08.874Z"}}, {"model": "leagues.league", "pk": 7, "fields": {"name": "American Conference of Amateur Football", "sport": "Football", "created_at": "2016-11-01T17:55:09.074Z", "updated_at": "2016-11-01T17:55:09.074Z"}}, {"model": "leagues.league", "pk": 8, "fields": {"name": "Atlantic Amateur Field Hockey League", "sport": "Field Hockey", "created_at": "2016-11-01T17:55:09.374Z", "updated_at": "2016-11-01T17:55:09.374Z"}}, {"model": "leagues.league", "pk": 9, "fields": {"name": "Transamerican Womens' Football Athletics Conference", "sport": "Football", "created_at": "2016-11-01T17:55:09.553Z", "updated_at": "2016-11-01T17:55:09.553Z"}}, {"model": "leagues.league", "pk": 10, "fields": {"name": "Pacific Ice Hockey Conference", "sport": "Ice Hockey", "created_at": "2016-11-01T17:55:09.720Z", "updated_at": "2016-11-01T17:55:09.721Z"}}, {"model": "leagues.team", "pk": 1, "fields": {"location": "Dallas", "team_name": "Nets", "league": 2}}, {"model": "leagues.team", "pk": 2, "fields": {"location": "California", "team_name": "Padres", "league": 4}}, {"model": "leagues.team", "pk": 3, "fields": {"location": "Montreal", "team_name": "White Sox", "league": 3}}, {"model": "leagues.team", "pk": 4, "fields": {"location": "Houston", "team_name": "Hornets", "league": 4}}, {"model": "leagues.team", "pk": 5, "fields": {"location": "Alberta", "team_name": "Texans", "league": 7}}, {"model": "leagues.team", "pk": 6, "fields": {"location": "Florida", "team_name": "Jets", "league": 7}}, {"model": "leagues.team", "pk": 7, "fields": {"location": "Puerto Rico", "team_name": "Breakers", "league": 9}}, {"model": "leagues.team", "pk": 8, "fields": {"location": "South Carolina", "team_name": "Wolverines", "league": 2}}, {"model": "leagues.team", "pk": 9, "fields": {"location": "Ohio", "team_name": "Black Sox", "league": 2}}, {"model": "leagues.team", "pk": 10, "fields": {"location": "Washington", "team_name": "Roughriders", "league": 8}}, {"model": "leagues.team", "pk": 11, "fields": {"location": "Edmonton", "team_name": "Warriors", "league": 8}}, {"model": "leagues.team", "pk": 12, "fields": {"location": "Toronto", "team_name": "Kings", "league": 9}}, {"model": "leagues.team", "pk": 13, "fields": {"location": "Wisconsin", "team_name": "Rams", "league": 9}}, {"model": "leagues.team", "pk": 14, "fields": {"location": "Michigan", "team_name": "Timberwolves", "league": 8}}, {"model": "leagues.team", "pk": 15, "fields": {"location": "Oakland", "team_name": "Sails", "league": 10}}, {"model": "leagues.team", "pk": 16, "fields": {"location": "Ohio", "team_name": "Seahawks", "league": 4}}, {"model": "leagues.team", "pk": 17, "fields": {"location": "Indianapolis", "team_name": "Athletics", "league": 2}}, {"model": "leagues.team", "pk": 18, "fields": {"location": "Minneapolis", "team_name": "Wizards", "league": 5}}, {"model": "leagues.team", "pk": 19, "fields": {"location": "Phoenix", "team_name": "Rays", "league": 8}}, {"model": "leagues.team", "pk": 20, "fields": {"location": "Vancouver", "team_name": "Rangers", "league": 9}}, {"model": "leagues.team", "pk": 21, "fields": {"location": "Pittsburgh", "team_name": "Bruins", "league": 5}}, {"model": "leagues.team", "pk": 22, "fields": {"location": "Ontario", "team_name": "Gunslingers", "league": 9}}, {"model": "leagues.team", "pk": 23, "fields": {"location": "Texas", "team_name": "Diamondbacks", "league": 9}}, {"model": "leagues.team", "pk": 24, "fields": {"location": "Oregon", "team_name": "Colts", "league": 7}}, {"model": "leagues.team", "pk": 25, "fields": {"location": "Mexico City", "team_name": "Spiders", "league": 2}}, {"model": "leagues.team", "pk": 26, "fields": {"location": "Raleigh", "team_name": "Bulls", "league": 8}}, {"model": "leagues.team", "pk": 27, "fields": {"location": "Montreal", "team_name": "Wild", "league": 7}}, {"model": "leagues.team", "pk": 28, "fields": {"location": "Boston", "team_name": "Penguins", "league": 4}}, {"model": "leagues.team", "pk": 29, "fields": {"location": "DC", "team_name": "Generals", "league": 2}}, {"model": "leagues.team", "pk": 30, "fields": {"location": "Cleveland", "team_name": "Dolphins", "league": 5}}, {"model": "leagues.team", "pk": 31, "fields": {"location": "Michigan", "team_name": "Blue Jays", "league": 6}}, {"model": "leagues.team", "pk": 32, "fields": {"location": "Wisconsin", "team_name": "Devils", "league": 8}}, {"model": "leagues.team", "pk": 33, "fields": {"location": "Indiana", "team_name": "Royals", "league": 8}}, {"model": "leagues.team", "pk": 34, "fields": {"location": "Calgary", "team_name": "Blackhawks", "league": 7}}, {"model": "leagues.team", "pk": 35, "fields": {"location": "Maryland", "team_name": "Cowboys", "league": 8}}, {"model": "leagues.team", "pk": 36, "fields": {"location": "Atlanta", "team_name": "Raptors", "league": 10}}, {"model": "leagues.team", "pk": 37, "fields": {"location": "Manitoba", "team_name": "Tiger-Cats", "league": 4}}, {"model": "leagues.team", "pk": 38, "fields": {"location": "Connecticut", "team_name": "Packers", "league": 9}}, {"model": "leagues.team", "pk": 39, "fields": {"location": "Vancouver", "team_name": "Ravens", "league": 9}}, {"model": "leagues.team", "pk": 40, "fields": {"location": "Wichita", "team_name": "Vikings", "league": 7}}, {"model": "leagues.team", "pk": 41, "fields": {"location": "Colorado", "team_name": "Capitals", "league": 9}}, {"model": "leagues.team", "pk": 42, "fields": {"location": "Ontario", "team_name": "Outlaws", "league": 3}}, {"model": "leagues.team", "pk": 43, "fields": {"location": "Pennsylvania", "team_name": "Reds", "league": 6}}, {"model": "leagues.team", "pk": 44, "fields": {"location": "Toronto", "team_name": "Pirates", "league": 5}}, {"model": "leagues.team", "pk": 45, "fields": {"location": "Dallas", "team_name": "Angels", "league": 7}}, {"model": "leagues.team", "pk": 46, "fields": {"location": "Pittsburgh", "team_name": "Maple Leafs", "league": 1}}, {"model": "leagues.team", "pk": 47, "fields": {"location": "Arizona", "team_name": "Kings", "league": 8}}, {"model": "leagues.team", "pk": 48, "fields": {"location": "Golden State", "team_name": "Raptors", "league": 5}}, {"model": "leagues.team", "pk": 49, "fields": {"location": "Kansas City", "team_name": "Spurs", "league": 8}}, {"model": "leagues.team", "pk": 50, "fields": {"location": "Colorado", "team_name": "Twins", "league": 9}}, {"model": "leagues.player", "pk": 1, "fields": {"first_name": "Michael", "last_name": "Flores", "curr_team": 8, "all_teams": [3, 8, 25]}}, {"model": "leagues.player", "pk": 2, "fields": {"first_name": "Nathan", "last_name": "Bryant", "curr_team": 7, "all_teams": [7, 12, 22, 23, 38]}}, {"model": "leagues.player", "pk": 3, "fields": {"first_name": "Wyatt", "last_name": "Bell", "curr_team": 23, "all_teams": [23, 27, 45, 50]}}, {"model": "leagues.player", "pk": 4, "fields": {"first_name": "Lucas", "last_name": "Martin", "curr_team": 22, "all_teams": [5, 22, 38]}}, {"model": "leagues.player", "pk": 5, "fields": {"first_name": "Ryan", "last_name": "Ross", "curr_team": 49, "all_teams": [10, 11, 32, 49]}}, {"model": "leagues.player", "pk": 6, "fields": {"first_name": "Abigail", "last_name": "Foster", "curr_team": 29, "all_teams": [9, 29, 42]}}, {"model": "leagues.player", "pk": 7, "fields": {"first_name": "Caleb", "last_name": "Peterson", "curr_team": 26, "all_teams": [10, 11, 26, 47, 49]}}, {"model": "leagues.player", "pk": 8, "fields": {"first_name": "Mason", "last_name": "Williams", "curr_team": 11, "all_teams": [11, 14]}}, {"model": "leagues.player", "pk": 9, "fields": {"first_name": "Olivia", "last_name": "Rodriguez", "curr_team": 11, "all_teams": [11]}}, {"model": "leagues.player", "pk": 10, "fields": {"first_name": "Benjamin", "last_name": "Perez", "curr_team": 42, "all_teams": [8, 9, 25, 42]}}, {"model": "leagues.player", "pk": 11, "fields": {"first_name": "Ryan", "last_name": "Phillips", "curr_team": 9, "all_teams": [9]}}, {"model": "leagues.player", "pk": 12, "fields": {"first_name": "Andrew", "last_name": "Torres", "curr_team": 15, "all_teams": [15, 36, 46]}}, {"model": "leagues.player", "pk": 13, "fields": {"first_name": "Christopher", "last_name": "Torres", "curr_team": 33, "all_teams": [32, 33, 47, 49]}}, {"model": "leagues.player", "pk": 14, "fields": {"first_name": "Luke", "last_name": "Lopez", "curr_team": 20, "all_teams": [7, 20]}}, {"model": "leagues.player", "pk": 15, "fields": {"first_name": "Dylan", "last_name": "Rodriguez", "curr_team": 12, "all_teams": [12, 22, 23, 40]}}, {"model": "leagues.player", "pk": 16, "fields": {"first_name": "Luke", "last_name": "Bell", "curr_team": 22, "all_teams": [22]}}, {"model": "leagues.player", "pk": 17, "fields": {"first_name": "Ryan", "last_name": "Williams", "curr_team": 30, "all_teams": [30]}}, {"model": "leagues.player", "pk": 18, "fields": {"first_name": "Jaxon", "last_name": "Howard", "curr_team": 37, "all_teams": [28, 31, 37, 43]}}, {"model": "leagues.player", "pk": 19, "fields": {"first_name": "David", "last_name": "Flores", "curr_team": 10, "all_teams": [10, 35]}}, {"model": "leagues.player", "pk": 20, "fields": {"first_name": "Elijah", "last_name": "Powell", "curr_team": 29, "all_teams": [29, 42]}}, {"model": "leagues.player", "pk": 21, "fields": {"first_name": "James", "last_name": "Ross", "curr_team": 38, "all_teams": [22, 23, 38]}}, {"model": "leagues.player", "pk": 22, "fields": {"first_name": "James", "last_name": "Griffin", "curr_team": 21, "all_teams": [21]}}, {"model": "leagues.player", "pk": 23, "fields": {"first_name": "Mason", "last_name": "James", "curr_team": 31, "all_teams": [31]}}, {"model": "leagues.player", "pk": 24, "fields": {"first_name": "Benjamin", "last_name": "King", "curr_team": 24, "all_teams": [22, 24, 34, 41]}}, {"model": "leagues.player", "pk": 25, "fields": {"first_name": "Daniel", "last_name": "Roberts", "curr_team": 3, "all_teams": [3, 25, 42]}}, {"model": "leagues.player", "pk": 26, "fields": {"first_name": "Isaac", "last_name": "Perry", "curr_team": 1, "all_teams": [1, 17, 25, 42]}}, {"model": "leagues.player", "pk": 27, "fields": {"first_name": "Christopher", "last_name": "Baker", "curr_team": 42, "all_teams": [1, 3, 8, 25, 42]}}, {"model": "leagues.player", "pk": 28, "fields": {"first_name": "Caleb", "last_name": "Martinez", "curr_team": 24, "all_teams": [22, 24]}}, {"model": "leagues.player", "pk": 29, "fields": {"first_name": "Lucas", "last_name": "Green", "curr_team": 26, "all_teams": [14, 19, 26, 35]}}, {"model": "leagues.player", "pk": 30, "fields": {"first_name": "Jack", "last_name": "Young", "curr_team": 38, "all_teams": [12, 27, 38, 45]}}, {"model": "leagues.player", "pk": 31, "fields": {"first_name": "Charlotte", "last_name": "Jones", "curr_team": 25, "all_teams": [25]}}, {"model": "leagues.player", "pk": 32, "fields": {"first_name": "Ava", "last_name": "Collins", "curr_team": 18, "all_teams": [18, 21, 30, 44, 48]}}, {"model": "leagues.player", "pk": 33, "fields": {"first_name": "Sophia", "last_name": "Rivera", "curr_team": 25, "all_teams": [1, 25]}}, {"model": "leagues.player", "pk": 34, "fields": {"first_name": "Isabella", "last_name": "Griffin", "curr_team": 17, "all_teams": [1, 9, 17, 29, 42]}}, {"model": "leagues.player", "pk": 35, "fields": {"first_name": "Emma", "last_name": "King", "curr_team": 46, "all_teams": [15, 46]}}, {"model": "leagues.player", "pk": 36, "fields": {"first_name": "Anthony", "last_name": "Martinez", "curr_team": 34, "all_teams": [7, 12, 13, 22, 24, 34]}}, {"model": "leagues.player", "pk": 37, "fields": {"first_name": "Landon", "last_name": "Walker", "curr_team": 3, "all_teams": [1, 3]}}, {"model": "leagues.player", "pk": 38, "fields": {"first_name": "Jaxon", "last_name": "Gonzales", "curr_team": 45, "all_teams": [39, 45]}}, {"model": "leagues.player", "pk": 39, "fields": {"first_name": "Charlotte", "last_name": "Bell", "curr_team": 49, "all_teams": [49]}}, {"model": "leagues.player", "pk": 40, "fields": {"first_name": "Emily", "last_name": "Sanchez", "curr_team": 7, "all_teams": [7, 45]}}, {"model": "leagues.player", "pk": 41, "fields": {"first_name": "Jaxon", "last_name": "Torres", "curr_team": 24, "all_teams": [24, 39, 50]}}, {"model": "leagues.player", "pk": 42, "fields": {"first_name": "Liam", "last_name": "Watson", "curr_team": 7, "all_teams": [5, 6, 7, 12, 20, 50]}}, {"model": "leagues.player", "pk": 43, "fields": {"first_name": "Sophia", "last_name": "Bailey", "curr_team": 4, "all_teams": [4, 16, 28, 31, 37]}}, {"model": "leagues.player", "pk": 44, "fields": {"first_name": "Benjamin", "last_name": "Young", "curr_team": 26, "all_teams": [11, 19, 26, 32]}}, {"model": "leagues.player", "pk": 45, "fields": {"first_name": "James", "last_name": "Smith", "curr_team": 13, "all_teams": [13, 38, 39]}}, {"model": "leagues.player", "pk": 46, "fields": {"first_name": "Dylan", "last_name": "Garcia", "curr_team": 13, "all_teams": [7, 13, 50]}}, {"model": "leagues.player", "pk": 47, "fields": {"first_name": "Anthony", "last_name": "Morgan", "curr_team": 18, "all_teams": [18, 44]}}, {"model": "leagues.player", "pk": 48, "fields": {"first_name": "Joshua", "last_name": "Cooper", "curr_team": 23, "all_teams": [23, 38]}}, {"model": "leagues.player", "pk": 49, "fields": {"first_name": "Aiden", "last_name": "Rivera", "curr_team": 22, "all_teams": [5, 22, 23, 40]}}, {"model": "leagues.player", "pk": 50, "fields": {"first_name": "Landon", "last_name": "Cooper", "curr_team": 29, "all_teams": [29]}}, {"model": "leagues.player", "pk": 51, "fields": {"first_name": "Benjamin", "last_name": "Alexander", "curr_team": 23, "all_teams": [23]}}, {"model": "leagues.player", "pk": 52, "fields": {"first_name": "Lucas", "last_name": "Hughes", "curr_team": 3, "all_teams": [1, 3, 42]}}, {"model": "leagues.player", "pk": 53, "fields": {"first_name": "Elijah", "last_name": "James", "curr_team": 25, "all_teams": [8, 25, 29, 42]}}, {"model": "leagues.player", "pk": 54, "fields": {"first_name": "Ava", "last_name": "Henderson", "curr_team": 23, "all_teams": [23, 40]}}, {"model": "leagues.player", "pk": 55, "fields": {"first_name": "Alexander", "last_name": "Bailey", "curr_team": 31, "all_teams": [28, 31, 37]}}, {"model": "leagues.player", "pk": 56, "fields": {"first_name": "Liam", "last_name": "King", "curr_team": 3, "all_teams": [3, 42]}}, {"model": "leagues.player", "pk": 57, "fields": {"first_name": "Jackson", "last_name": "Thomas", "curr_team": 33, "all_teams": [10, 14, 33, 47]}}, {"model": "leagues.player", "pk": 58, "fields": {"first_name": "Landon", "last_name": "Hernandez", "curr_team": 28, "all_teams": [28]}}, {"model": "leagues.player", "pk": 59, "fields": {"first_name": "Joshua", "last_name": "Hayes", "curr_team": 7, "all_teams": [5, 7, 12, 24, 45]}}, {"model": "leagues.player", "pk": 60, "fields": {"first_name": "Joshua", "last_name": "Henderson", "curr_team": 36, "all_teams": [36, 46]}}, {"model": "leagues.player", "pk": 61, "fields": {"first_name": "Henry", "last_name": "Flores", "curr_team": 10, "all_teams": [10, 11, 14]}}, {"model": "leagues.player", "pk": 62, "fields": {"first_name": "Abigail", "last_name": "Davis", "curr_team": 8, "all_teams": [8, 25]}}, {"model": "leagues.player", "pk": 63, "fields": {"first_name": "Ethan", "last_name": "Diaz", "curr_team": 18, "all_teams": [18, 48]}}, {"model": "leagues.player", "pk": 64, "fields": {"first_name": "Levi", "last_name": "Rodriguez", "curr_team": 37, "all_teams": [37]}}, {"model": "leagues.player", "pk": 65, "fields": {"first_name": "Lucas", "last_name": "Lewis", "curr_team": 4, "all_teams": [4]}}, {"model": "leagues.player", "pk": 66, "fields": {"first_name": "Lucas", "last_name": "Allen", "curr_team": 14, "all_teams": [14, 47]}}, {"model": "leagues.player", "pk": 67, "fields": {"first_name": "Landon", "last_name": "Mitchell", "curr_team": 7, "all_teams": [7]}}, {"model": "leagues.player", "pk": 68, "fields": {"first_name": "Wyatt", "last_name": "Peterson", "curr_team": 43, "all_teams": [2, 43]}}, {"model": "leagues.player", "pk": 69, "fields": {"first_name": "Jaxon", "last_name": "Brown", "curr_team": 14, "all_teams": [14, 35]}}, {"model": "leagues.player", "pk": 70, "fields": {"first_name": "Alexander", "last_name": "Wright", "curr_team": 48, "all_teams": [18, 44, 48]}}, {"model": "leagues.player", "pk": 71, "fields": {"first_name": "Wyatt", "last_name": "Alexander", "curr_team": 29, "all_teams": [1, 29]}}, {"model": "leagues.player", "pk": 72, "fields": {"first_name": "Abigail", "last_name": "Richardson", "curr_team": 1, "all_teams": [1, 3, 29, 42]}}, {"model": "leagues.player", "pk": 73, "fields": {"first_name": "Jacob", "last_name": "Jenkins", "curr_team": 1, "all_teams": [1, 3]}}, {"model": "leagues.player", "pk": 74, "fields": {"first_name": "Mason", "last_name": "Rogers", "curr_team": 33, "all_teams": [33]}}, {"model": "leagues.player", "pk": 75, "fields": {"first_name": "Jaxon", "last_name": "Anderson", "curr_team": 19, "all_teams": [11, 19, 26]}}, {"model": "leagues.player", "pk": 76, "fields": {"first_name": "Isabella", "last_name": "Gonzales", "curr_team": 43, "all_teams": [16, 28, 43]}}, {"model": "leagues.player", "pk": 77, "fields": {"first_name": "Charles", "last_name": "Collins", "curr_team": 23, "all_teams": [23, 27, 34, 41]}}, {"model": "leagues.player", "pk": 78, "fields": {"first_name": "Michael", "last_name": "Clark", "curr_team": 30, "all_teams": [18, 21, 30, 44, 48]}}, {"model": "leagues.player", "pk": 79, "fields": {"first_name": "Landon", "last_name": "Gray", "curr_team": 8, "all_teams": [8, 25]}}, {"model": "leagues.player", "pk": 80, "fields": {"first_name": "Nathan", "last_name": "Brooks", "curr_team": 41, "all_teams": [22, 40, 41, 45]}}, {"model": "leagues.player", "pk": 81, "fields": {"first_name": "Gabriel", "last_name": "Rogers", "curr_team": 30, "all_teams": [30]}}, {"model": "leagues.player", "pk": 82, "fields": {"first_name": "Levi", "last_name": "Miller", "curr_team": 29, "all_teams": [1, 3, 17, 29]}}, {"model": "leagues.player", "pk": 83, "fields": {"first_name": "Isabella", "last_name": "Bennett", "curr_team": 45, "all_teams": [13, 27, 45]}}, {"model": "leagues.player", "pk": 84, "fields": {"first_name": "William", "last_name": "Martin", "curr_team": 16, "all_teams": [4, 16, 28, 37, 43]}}, {"model": "leagues.player", "pk": 85, "fields": {"first_name": "David", "last_name": "Martin", "curr_team": 36, "all_teams": [36]}}, {"model": "leagues.player", "pk": 86, "fields": {"first_name": "Lucas", "last_name": "Perry", "curr_team": 13, "all_teams": [13]}}, {"model": "leagues.player", "pk": 87, "fields": {"first_name": "Wyatt", "last_name": "Bennett", "curr_team": 28, "all_teams": [2, 28]}}, {"model": "leagues.player", "pk": 88, "fields": {"first_name": "Charles", "last_name": "Campbell", "curr_team": 5, "all_teams": [5, 7, 13, 23]}}, {"model": "leagues.player", "pk": 89, "fields": {"first_name": "Isaac", "last_name": "Campbell", "curr_team": 16, "all_teams": [16]}}, {"model": "leagues.player", "pk": 90, "fields": {"first_name": "Benjamin", "last_name": "Moore", "curr_team": 32, "all_teams": [32]}}, {"model": "leagues.player", "pk": 91, "fields": {"first_name": "Joshua", "last_name": "Long", "curr_team": 8, "all_teams": [8, 25, 42]}}, {"model": "leagues.player", "pk": 92, "fields": {"first_name": "Alexander", "last_name": "Parker", "curr_team": 24, "all_teams": [24, 27, 39]}}, {"model": "leagues.player", "pk": 93, "fields": {"first_name": "Christopher", "last_name": "Powell", "curr_team": 32, "all_teams": [32, 49]}}, {"model": "leagues.player", "pk": 94, "fields": {"first_name": "Nathan", "last_name": "Mitchell", "curr_team": 8, "all_teams": [8]}}, {"model": "leagues.player", "pk": 95, "fields": {"first_name": "Benjamin", "last_name": "Perry", "curr_team": 41, "all_teams": [6, 13, 27, 34, 41]}}, {"model": "leagues.player", "pk": 96, "fields": {"first_name": "Levi", "last_name": "Lopez", "curr_team": 34, "all_teams": [34]}}, {"model": "leagues.player", "pk": 97, "fields": {"first_name": "William", "last_name": "Anderson", "curr_team": 19, "all_teams": [14, 19, 26, 35]}}, {"model": "leagues.player", "pk": 98, "fields": {"first_name": "Charlotte", "last_name": "Ross", "curr_team": 27, "all_teams": [6, 24, 27, 45]}}, {"model": "leagues.player", "pk": 99, "fields": {"first_name": "Ethan", "last_name": "Davis", "curr_team": 4, "all_teams": [4]}}, {"model": "leagues.player", "pk": 100, "fields": {"first_name": "Emma", "last_name": "Foster", "curr_team": 44, "all_teams": [44]}}, {"model": "leagues.player", "pk": 101, "fields": {"first_name": "Abigail", "last_name": "Perez", "curr_team": 18, "all_teams": [18, 21, 30, 48]}}, {"model": "leagues.player", "pk": 102, "fields": {"first_name": "Oliver", "last_name": "Kelly", "curr_team": 6, "all_teams": [6, 12, 20, 41]}}, {"model": "leagues.player", "pk": 103, "fields": {"first_name": "Christian", "last_name": "Perry", "curr_team": 44, "all_teams": [21, 44, 48]}}, {"model": "leagues.player", "pk": 104, "fields": {"first_name": "James", "last_name": "Ramirez", "curr_team": 17, "all_teams": [17]}}, {"model": "leagues.player", "pk": 105, "fields": {"first_name": "Abigail", "last_name": "Smith", "curr_team": 3, "all_teams": [3]}}, {"model": "leagues.player", "pk": 106, "fields": {"first_name": "Daniel", "last_name": "Martinez", "curr_team": 50, "all_teams": [5, 7, 27, 40, 50]}}, {"model": "leagues.player", "pk": 107, "fields": {"first_name": "Jayden", "last_name": "Hill", "curr_team": 31, "all_teams": [2, 31]}}, {"model": "leagues.player", "pk": 108, "fields": {"first_name": "Jack", "last_name": "Rodriguez", "curr_team": 18, "all_teams": [18, 30, 44]}}, {"model": "leagues.player", "pk": 109, "fields": {"first_name": "Ryan", "last_name": "Peterson", "curr_team": 6, "all_teams": [5, 6, 22, 24, 40, 50]}}, {"model": "leagues.player", "pk": 110, "fields": {"first_name": "Levi", "last_name": "Thomas", "curr_team": 26, "all_teams": [10, 14, 19, 26, 33]}}, {"model": "leagues.player", "pk": 111, "fields": {"first_name": "Olivia", "last_name": "Griffin", "curr_team": 10, "all_teams": [10, 14, 32]}}, {"model": "leagues.player", "pk": 112, "fields": {"first_name": "Gabriel", "last_name": "Roberts", "curr_team": 31, "all_teams": [31]}}, {"model": "leagues.player", "pk": 113, "fields": {"first_name": "Joshua", "last_name": "Coleman", "curr_team": 32, "all_teams": [14, 26, 32, 33, 49]}}, {"model": "leagues.player", "pk": 114, "fields": {"first_name": "Isabella", "last_name": "Lopez", "curr_team": 45, "all_teams": [38, 41, 45]}}, {"model": "leagues.player", "pk": 115, "fields": {"first_name": "Samuel", "last_name": "Evans", "curr_team": 1, "all_teams": [1, 3, 9, 17, 25, 42]}}, {"model": "leagues.player", "pk": 116, "fields": {"first_name": "Charlotte", "last_name": "Harris", "curr_team": 38, "all_teams": [7, 20, 34, 38, 40]}}, {"model": "leagues.player", "pk": 117, "fields": {"first_name": "Sophia", "last_name": "Howard", "curr_team": 32, "all_teams": [10, 14, 19, 32]}}, {"model": "leagues.player", "pk": 118, "fields": {"first_name": "David", "last_name": "Hayes", "curr_team": 35, "all_teams": [26, 32, 33, 35]}}, {"model": "leagues.player", "pk": 119, "fields": {"first_name": "John", "last_name": "Edwards", "curr_team": 8, "all_teams": [8, 17, 25, 29]}}, {"model": "leagues.player", "pk": 120, "fields": {"first_name": "Benjamin", "last_name": "James", "curr_team": 46, "all_teams": [46]}}, {"model": "leagues.player", "pk": 121, "fields": {"first_name": "Henry", "last_name": "Martin", "curr_team": 17, "all_teams": [3, 9, 17, 25]}}, {"model": "leagues.player", "pk": 122, "fields": {"first_name": "Isaiah", "last_name": "Alexander", "curr_team": 43, "all_teams": [2, 16, 43]}}, {"model": "leagues.player", "pk": 123, "fields": {"first_name": "Caleb", "last_name": "Collins", "curr_team": 22, "all_teams": [7, 13, 22, 50]}}, {"model": "leagues.player", "pk": 124, "fields": {"first_name": "Ryan", "last_name": "Gonzales", "curr_team": 13, "all_teams": [5, 12, 13, 41]}}, {"model": "leagues.player", "pk": 125, "fields": {"first_name": "Joseph", "last_name": "Roberts", "curr_team": 24, "all_teams": [5, 24]}}, {"model": "leagues.player", "pk": 126, "fields": {"first_name": "Olivia", "last_name": "Diaz", "curr_team": 2, "all_teams": [2, 37, 43]}}, {"model": "leagues.player", "pk": 127, "fields": {"first_name": "Carter", "last_name": "Adams", "curr_team": 32, "all_teams": [14, 32]}}, {"model": "leagues.player", "pk": 128, "fields": {"first_name": "Alexander", "last_name": "Adams", "curr_team": 26, "all_teams": [26, 32, 47]}}, {"model": "leagues.player", "pk": 129, "fields": {"first_name": "David", "last_name": "Watson", "curr_team": 20, "all_teams": [20, 24, 41, 50]}}, {"model": "leagues.player", "pk": 130, "fields": {"first_name": "Jaxon", "last_name": "Evans", "curr_team": 49, "all_teams": [26, 49]}}, {"model": "leagues.player", "pk": 131, "fields": {"first_name": "Jacob", "last_name": "Green", "curr_team": 16, "all_teams": [2, 16, 37]}}, {"model": "leagues.player", "pk": 132, "fields": {"first_name": "Jackson", "last_name": "Bryant", "curr_team": 49, "all_teams": [11, 33, 35, 49]}}, {"model": "leagues.player", "pk": 133, "fields": {"first_name": "Luke", "last_name": "Robinson", "curr_team": 49, "all_teams": [14, 49]}}, {"model": "leagues.player", "pk": 134, "fields": {"first_name": "Ava", "last_name": "Rodriguez", "curr_team": 33, "all_teams": [11, 19, 33]}}, {"model": "leagues.player", "pk": 135, "fields": {"first_name": "Abigail", "last_name": "Long", "curr_team": 6, "all_teams": [6, 23]}}, {"model": "leagues.player", "pk": 136, "fields": {"first_name": "Landon", "last_name": "James", "curr_team": 27, "all_teams": [27, 39]}}, {"model": "leagues.player", "pk": 137, "fields": {"first_name": "Oliver", "last_name": "Robinson", "curr_team": 4, "all_teams": [2, 4]}}, {"model": "leagues.player", "pk": 138, "fields": {"first_name": "Daniel", "last_name": "Davis", "curr_team": 45, "all_teams": [7, 12, 45]}}, {"model": "leagues.player", "pk": 139, "fields": {"first_name": "Isaiah", "last_name": "Jackson", "curr_team": 10, "all_teams": [10, 14, 19, 26, 33, 49]}}, {"model": "leagues.player", "pk": 140, "fields": {"first_name": "Sebastian", "last_name": "Carter", "curr_team": 46, "all_teams": [15, 36, 46]}}, {"model": "leagues.player", "pk": 141, "fields": {"first_name": "Levi", "last_name": "Kelly", "curr_team": 16, "all_teams": [2, 4, 16, 28, 31]}}, {"model": "leagues.player", "pk": 142, "fields": {"first_name": "Charlotte", "last_name": "Brown", "curr_team": 45, "all_teams": [6, 12, 38, 39, 45]}}, {"model": "leagues.player", "pk": 143, "fields": {"first_name": "Logan", "last_name": "King", "curr_team": 23, "all_teams": [23, 34]}}, {"model": "leagues.player", "pk": 144, "fields": {"first_name": "Andrew", "last_name": "Adams", "curr_team": 17, "all_teams": [8, 17, 42]}}, {"model": "leagues.player", "pk": 145, "fields": {"first_name": "Levi", "last_name": "Nelson", "curr_team": 43, "all_teams": [43]}}, {"model": "leagues.player", "pk": 146, "fields": {"first_name": "David", "last_name": "Garcia", "curr_team": 15, "all_teams": [15, 36, 46]}}, {"model": "leagues.player", "pk": 147, "fields": {"first_name": "Michael", "last_name": "Cooper", "curr_team": 47, "all_teams": [10, 14, 35, 47]}}, {"model": "leagues.player", "pk": 148, "fields": {"first_name": "Luke", "last_name": "Clark", "curr_team": 6, "all_teams": [6, 22]}}, {"model": "leagues.player", "pk": 149, "fields": {"first_name": "Andrew", "last_name": "Hayes", "curr_team": 10, "all_teams": [10, 32, 35, 47]}}, {"model": "leagues.player", "pk": 150, "fields": {"first_name": "Isabella", "last_name": "Lewis", "curr_team": 34, "all_teams": [22, 34]}}, {"model": "leagues.player", "pk": 151, "fields": {"first_name": "Jacob", "last_name": "Gray", "curr_team": 24, "all_teams": [7, 12, 22, 24]}}, {"model": "leagues.player", "pk": 152, "fields": {"first_name": "Noah", "last_name": "Bennett", "curr_team": 46, "all_teams": [36, 46]}}, {"model": "leagues.player", "pk": 153, "fields": {"first_name": "Jayden", "last_name": "Robinson", "curr_team": 19, "all_teams": [10, 14, 19, 26, 49]}}, {"model": "leagues.player", "pk": 154, "fields": {"first_name": "Alexander", "last_name": "Walker", "curr_team": 10, "all_teams": [10]}}, {"model": "leagues.player", "pk": 155, "fields": {"first_name": "Nathan", "last_name": "Ward", "curr_team": 11, "all_teams": [11, 19]}}, {"model": "leagues.player", "pk": 156, "fields": {"first_name": "Christian", "last_name": "Perez", "curr_team": 4, "all_teams": [2, 4, 16, 31, 37]}}, {"model": "leagues.player", "pk": 157, "fields": {"first_name": "Joshua", "last_name": "White", "curr_team": 1, "all_teams": [1, 3, 25, 29]}}, {"model": "leagues.player", "pk": 158, "fields": {"first_name": "Harper", "last_name": "James", "curr_team": 43, "all_teams": [37, 43]}}, {"model": "leagues.player", "pk": 159, "fields": {"first_name": "Jaxon", "last_name": "Allen", "curr_team": 49, "all_teams": [11, 14, 32, 35, 49]}}, {"model": "leagues.player", "pk": 160, "fields": {"first_name": "Liam", "last_name": "Robinson", "curr_team": 24, "all_teams": [5, 24, 27, 34, 39]}}, {"model": "leagues.player", "pk": 161, "fields": {"first_name": "Aiden", "last_name": "Hernandez", "curr_team": 5, "all_teams": [5, 22]}}, {"model": "leagues.player", "pk": 162, "fields": {"first_name": "Christian", "last_name": "Wood", "curr_team": 27, "all_teams": [27]}}, {"model": "leagues.player", "pk": 163, "fields": {"first_name": "Carter", "last_name": "Robinson", "curr_team": 3, "all_teams": [3, 8, 9]}}, {"model": "leagues.player", "pk": 164, "fields": {"first_name": "Joshua", "last_name": "Parker", "curr_team": 12, "all_teams": [12]}}, {"model": "leagues.player", "pk": 165, "fields": {"first_name": "David", "last_name": "Sanchez", "curr_team": 28, "all_teams": [2, 4, 28, 31]}}, {"model": "leagues.player", "pk": 166, "fields": {"first_name": "Owen", "last_name": "Smith", "curr_team": 49, "all_teams": [11, 33, 35, 49]}}, {"model": "leagues.player", "pk": 167, "fields": {"first_name": "Ethan", "last_name": "Sanchez", "curr_team": 50, "all_teams": [27, 50]}}, {"model": "leagues.player", "pk": 168, "fields": {"first_name": "Noah", "last_name": "Brooks", "curr_team": 50, "all_teams": [6, 22, 40, 50]}}, {"model": "leagues.player", "pk": 169, "fields": {"first_name": "Alexander", "last_name": "Flores", "curr_team": 9, "all_teams": [9]}}, {"model": "leagues.player", "pk": 170, "fields": {"first_name": "Harper", "last_name": "Hill", "curr_team": 18, "all_teams": [18, 21, 30]}}, {"model": "leagues.player", "pk": 171, "fields": {"first_name": "Abigail", "last_name": "Hernandez", "curr_team": 9, "all_teams": [9, 29]}}, {"model": "leagues.player", "pk": 172, "fields": {"first_name": "Daniel", "last_name": "Kelly", "curr_team": 31, "all_teams": [4, 28, 31, 37, 43]}}, {"model": "leagues.player", "pk": 173, "fields": {"first_name": "Charles", "last_name": "Campbell", "curr_team": 13, "all_teams": [13]}}, {"model": "leagues.player", "pk": 174, "fields": {"first_name": "Mason", "last_name": "Henderson", "curr_team": 13, "all_teams": [13]}}, {"model": "leagues.player", "pk": 175, "fields": {"first_name": "Nathan", "last_name": "Flores", "curr_team": 6, "all_teams": [6, 41]}}, {"model": "leagues.player", "pk": 176, "fields": {"first_name": "Jackson", "last_name": "Perry", "curr_team": 5, "all_teams": [5]}}, {"model": "leagues.player", "pk": 177, "fields": {"first_name": "Noah", "last_name": "Taylor", "curr_team": 24, "all_teams": [24]}}, {"model": "leagues.player", "pk": 178, "fields": {"first_name": "Ryan", "last_name": "Butler", "curr_team": 35, "all_teams": [35]}}, {"model": "leagues.player", "pk": 179, "fields": {"first_name": "Andrew", "last_name": "Gray", "curr_team": 19, "all_teams": [14, 19, 26, 33]}}, {"model": "leagues.player", "pk": 180, "fields": {"first_name": "Levi", "last_name": "Richardson", "curr_team": 10, "all_teams": [10, 14, 32, 35]}}, {"model": "leagues.player", "pk": 181, "fields": {"first_name": "Levi", "last_name": "Lewis", "curr_team": 47, "all_teams": [11, 26, 33, 47]}}, {"model": "leagues.player", "pk": 182, "fields": {"first_name": "Levi", "last_name": "Price", "curr_team": 43, "all_teams": [2, 43]}}, {"model": "leagues.player", "pk": 183, "fields": {"first_name": "Caleb", "last_name": "Parker", "curr_team": 9, "all_teams": [9, 17, 25, 42]}}, {"model": "leagues.player", "pk": 184, "fields": {"first_name": "Levi", "last_name": "Howard", "curr_team": 39, "all_teams": [13, 39, 40, 50]}}, {"model": "leagues.player", "pk": 185, "fields": {"first_name": "Joshua", "last_name": "Smith", "curr_team": 8, "all_teams": [3, 8, 17]}}, {"model": "leagues.player", "pk": 186, "fields": {"first_name": "Alexander", "last_name": "Cooper", "curr_team": 48, "all_teams": [30, 44, 48]}}, {"model": "leagues.player", "pk": 187, "fields": {"first_name": "Jayden", "last_name": "Perez", "curr_team": 39, "all_teams": [5, 7, 27, 39, 41]}}, {"model": "leagues.player", "pk": 188, "fields": {"first_name": "Jack", "last_name": "Phillips", "curr_team": 8, "all_teams": [3, 8, 9, 17]}}, {"model": "leagues.player", "pk": 189, "fields": {"first_name": "Jacob", "last_name": "Watson", "curr_team": 14, "all_teams": [14, 33, 49]}}, {"model": "leagues.player", "pk": 190, "fields": {"first_name": "Isabella", "last_name": "Bennett", "curr_team": 19, "all_teams": [14, 19, 47, 49]}}, {"model": "leagues.player", "pk": 191, "fields": {"first_name": "Joseph", "last_name": "Parker", "curr_team": 31, "all_teams": [2, 31, 43]}}, {"model": "leagues.player", "pk": 192, "fields": {"first_name": "Elijah", "last_name": "Richardson", "curr_team": 34, "all_teams": [34]}}, {"model": "leagues.player", "pk": 193, "fields": {"first_name": "Emily", "last_name": "Jackson", "curr_team": 38, "all_teams": [38]}}, {"model": "leagues.player", "pk": 194, "fields": {"first_name": "Christopher", "last_name": "Wood", "curr_team": 2, "all_teams": [2, 16, 28]}}, {"model": "leagues.player", "pk": 195, "fields": {"first_name": "Olivia", "last_name": "Young", "curr_team": 45, "all_teams": [24, 38, 39, 45]}}, {"model": "leagues.player", "pk": 196, "fields": {"first_name": "Abigail", "last_name": "Torres", "curr_team": 6, "all_teams": [6, 13]}}, {"model": "leagues.player", "pk": 197, "fields": {"first_name": "Caleb", "last_name": "Johnson", "curr_team": 26, "all_teams": [11, 19, 26, 35, 47]}}, {"model": "leagues.player", "pk": 198, "fields": {"first_name": "Christopher", "last_name": "Sanders", "curr_team": 34, "all_teams": [5, 34, 40, 41, 45]}}, {"model": "leagues.player", "pk": 199, "fields": {"first_name": "Gabriel", "last_name": "Davis", "curr_team": 19, "all_teams": [10, 14, 19, 26]}}, {"model": "leagues.player", "pk": 200, "fields": {"first_name": "Daniel", "last_name": "Miller", "curr_team": 10, "all_teams": [10]}}]